{
    "MSE": 0.39002514396395493,
    "R2": 0.4031803412796219
}